<?xml version="1.0" encoding="UTF-8"?>
<project-private xmlns="http://www.netbeans.org/ns/project-private/1">
    <editor-bookmarks xmlns="http://www.netbeans.org/ns/editor-bookmarks/2" lastBookmarkId="0"/>
    <open-files xmlns="http://www.netbeans.org/ns/projectui-open-files/2">
        <group>
            <file>file:/C:/Users/Owner/Documents/NetBeansProjects/TankFight_game_forPC_1/src/main/KeyInput.java</file>
            <file>file:/C:/Users/Owner/Documents/NetBeansProjects/TankFight_game_forPC_1/src/main/ID.java</file>
            <file>file:/C:/Users/Owner/Documents/NetBeansProjects/TankFight_game_forPC_1/src/main/Handler.java</file>
            <file>file:/C:/Users/Owner/Documents/NetBeansProjects/TankFight_game_forPC_1/src/main/Menu.java</file>
            <file>file:/C:/Users/Owner/Documents/NetBeansProjects/TankFight_game_forPC_1/src/main/Wall.java</file>
            <file>file:/C:/Users/Owner/Documents/NetBeansProjects/TankFight_game_forPC_1/src/main/Enemy1.java</file>
            <file>file:/C:/Users/Owner/Documents/NetBeansProjects/TankFight_game_forPC_1/src/main/Window.java</file>
            <file>file:/C:/Users/Owner/Documents/NetBeansProjects/TankFight_game_forPC_1/src/main/Game.java</file>
            <file>file:/C:/Users/Owner/Documents/NetBeansProjects/TankFight_game_forPC_1/src/main/BufferedImageLoader.java</file>
            <file>file:/C:/Users/Owner/Documents/NetBeansProjects/TankFight_game_forPC_1/src/main/MouseInput.java</file>
            <file>file:/C:/Users/Owner/Documents/NetBeansProjects/TankFight_game_forPC_1/src/main/Camera.java</file>
            <file>file:/C:/Users/Owner/Documents/NetBeansProjects/TankFight_game_forPC_1/src/main/EnemyBullet.java</file>
            <file>file:/C:/Users/Owner/Documents/NetBeansProjects/TankFight_game_forPC_1/src/main/Enemy.java</file>
            <file>file:/C:/Users/Owner/Documents/NetBeansProjects/TankFight_game_forPC_1/src/main/Enemy1Bullet.java</file>
            <file>file:/C:/Users/Owner/Documents/NetBeansProjects/TankFight_game_forPC_1/src/main/GameObject.java</file>
            <file>file:/C:/Users/Owner/Documents/NetBeansProjects/TankFight_game_forPC_1/src/main/Bullet.java</file>
            <file>file:/C:/Users/Owner/Documents/NetBeansProjects/TankFight_game_forPC_1/src/main/Tank.java</file>
            <file>file:/C:/Users/Owner/Documents/NetBeansProjects/TankFight_game_forPC_1/src/main/Block.java</file>
            <file>file:/C:/Users/Owner/Documents/NetBeansProjects/TankFight_game_forPC_1/src/main/SpriteSheet.java</file>
            <file>file:/C:/Users/Owner/Documents/NetBeansProjects/TankFight_game_forPC_1/src/main/Life.java</file>
            <file>file:/C:/Users/Owner/Documents/NetBeansProjects/TankFight_game_forPC_1/src/main/Mine.java</file>
        </group>
    </open-files>
</project-private>
